{"cameraMode":{"drawMode":0,"name":"Shaded","section":"Shading Mode"},"sceneLighting":false,"audioPlay":false,"sceneViewState":{"showFog":true,"showMaterialUpdate":false,"showSkybox":true,"showFlares":true,"showImageEffects":true,"showParticleSystems":true},"in2DMode":false,"pivot":{"x":577.1976318359375,"y":47.6276969909668,"z":-0.9709670543670654},"rotation":{"x":-0.1832912117242813,"y":-0.07012717425823212,"z":0.013109776191413403,"w":-0.9804666042327881},"size":2.8578836917877199,"orthographic":false}